position,A,C,G,T,H,I
1,0.07142857142857142,0.07142857142857142,0.7857142857142857,0.07142857142857142,1.0892300788425848,0.9107699211574152
2,0.07142857142857142,0.07142857142857142,0.7857142857142857,0.07142857142857142,1.0892300788425848,0.9107699211574152
3,0.07142857142857142,0.07142857142857142,0.7857142857142857,0.07142857142857142,1.0892300788425848,0.9107699211574152
4,0.7857142857142857,0.07142857142857142,0.07142857142857142,0.07142857142857142,1.0892300788425848,0.9107699211574152
5,0.07142857142857142,0.7142857142857143,0.07142857142857142,0.14285714285714285,1.2916919971380594,0.7083080028619406
6,0.14285714285714285,0.14285714285714285,0.14285714285714285,0.5714285714285714,1.664497779200461,0.33550222079953906
7,0.07142857142857142,0.14285714285714285,0.07142857142857142,0.7142857142857143,1.2916919971380596,0.7083080028619404
8,0.07142857142857142,0.07142857142857142,0.07142857142857142,0.7857142857142857,1.0892300788425848,0.9107699211574152
