position,A,C,G,T
1,0.07142857142857142,0.07142857142857142,0.7857142857142857,0.07142857142857142
2,0.07142857142857142,0.07142857142857142,0.7857142857142857,0.07142857142857142
3,0.07142857142857142,0.07142857142857142,0.7857142857142857,0.07142857142857142
4,0.7857142857142857,0.07142857142857142,0.07142857142857142,0.07142857142857142
5,0.07142857142857142,0.7142857142857143,0.07142857142857142,0.14285714285714285
6,0.14285714285714285,0.14285714285714285,0.14285714285714285,0.5714285714285714
7,0.07142857142857142,0.14285714285714285,0.07142857142857142,0.7142857142857143
8,0.07142857142857142,0.07142857142857142,0.07142857142857142,0.7857142857142857
